{"underlying":0.06506, "NAV":0.06506, "timestamp":0.06506, "signature":}
