{
    "BTC":234324.3432534,
    "MET":3432534.354123,
    "CAT":3432534.354123
}
